Oligo Name,Sequence,Details
in4mer additional oligo V98,gacggcggaagcgacatagggatctgtcagttgtcattcgcgaaaaacatccgtccccgagagctacgtctcgagatACCATCATCTAACAGGTCATtaatttctactattgtagatCAATCACACCAATAAGATACaaatttctactctagtagatATTAATACTGGAGCCCACTTtaatttctactgtcgtagatAGGCAATTGAATCGGGTATCttttttgaatggagacgttacggttaagaatgtaaattctgggattatagtgtagtaatctctaattaacggtgacggtttta,Oligo to clone 4 guide array targeting BRCA1 and OR52A5
in4mer additional oligo V99,gacggcggaagcgacatagggatctgtcagttgtcattcgcgaaaaacatccgtccccgagagctacgtctcgagatAAGCGCACTATCCCATTTGGtaatttctactattgtagatCAATCACACCAATAAGATACaaatttctactctagtagatATGTTGCACTCATACCAATAtaatttctactgtcgtagatAGGCAATTGAATCGGGTATCttttttgaatggagacgttacggttaagaatgtaaattctgggattatagtgtagtaatctctaattaacggtgacggtttta,Oligo to clone 4 guide array targeting HELQ and OR52A5
in4mer additional oligo V100,gacggcggaagcgacatagggatctgtcagttgtcattcgcgaaaaacatccgtccccgagagctacgtctcgagatCGTGACCATTCCCAAGTTGTtaatttctactattgtagatGGTTACACCTATGTTTGAGGaaatttctactctagtagatCCCCTGCACTACACCGCCATtaatttctactgtcgtagatGTAAGGATACCCGAACCAGGttttttgaatggagacgttacggttaagaatgtaaattctgggattatagtgtagtaatctctaattaacggtgacggtttta,Oligo to clone 4 guide array targeting OR1E1 and POLQ
in4mer additional oligo V101,gacggcggaagcgacatagggatctgtcagttgtcattcgcgaaaaacatccgtccccgagagctacgtctcgagatACCATCATCTAACAGGTCATtaatttctactattgtagatCTGTAAACAGTCTGGGCCCCaaatttctactctagtagatATTAATACTGGAGCCCACTTtaatttctactgtcgtagatTCAGGTACCAAAGACCTGATttttttgaatggagacgttacggttaagaatgtaaattctgggattatagtgtagtaatctctaattaacggtgacggtttta,Oligo to clone 4 guide array targeting BRCA1 and GEN1
in4mer additional oligo V102,gacggcggaagcgacatagggatctgtcagttgtcattcgcgaaaaacatccgtccccgagagctacgtctcgagatACCATCATCTAACAGGTCATtaatttctactattgtagatGTGTATCATCTCCACAGAGAaaatttctactctagtagatATTAATACTGGAGCCCACTTtaatttctactgtcgtagatTGATCCGTCCAAAGGTTGGCttttttgaatggagacgttacggttaagaatgtaaattctgggattatagtgtagtaatctctaattaacggtgacggtttta,Oligo to clone 4 guide array targeting BRCA1 and CIP2A
in4mer additional oligo V103,gacggcggaagcgacatagggatctgtcagttgtcattcgcgaaaaacatccgtccccgagagctacgtctcgagatACCATCATCTAACAGGTCATtaatttctactattgtagatGGTTACACCTATGTTTGAGGaaatttctactctagtagatATTAATACTGGAGCCCACTTtaatttctactgtcgtagatGTAAGGATACCCGAACCAGGttttttgaatggagacgttacggttaagaatgtaaattctgggattatagtgtagtaatctctaattaacggtgacggtttta,Oligo to clone 4 guide array targeting BRCA1 and POLQ
in4mer additional oligo V104,gacggcggaagcgacatagggatctgtcagttgtcattcgcgaaaaacatccgtccccgagagctacgtctcgagatGTGTATCATCTCCACAGAGAtaatttctactattgtagatCTGTAAACAGTCTGGGCCCCaaatttctactctagtagatTGATCCGTCCAAAGGTTGGCtaatttctactgtcgtagatTCAGGTACCAAAGACCTGATttttttgaatggagacgttacggttaagaatgtaaattctgggattatagtgtagtaatctctaattaacggtgacggtttta,Oligo to clone 4 guide array targeting CIP2A and GEN1
in4mer additional oligo V105,gacggcggaagcgacatagggatctgtcagttgtcattcgcgaaaaacatccgtccccgagagctacgtctcgagatCTGTAAACAGTCTGGGCCCCtaatttctactattgtagatGGTTACACCTATGTTTGAGGaaatttctactctagtagatTCAGGTACCAAAGACCTGATtaatttctactgtcgtagatGTAAGGATACCCGAACCAGGttttttgaatggagacgttacggttaagaatgtaaattctgggattatagtgtagtaatctctaattaacggtgacggtttta,Oligo to clone 4 guide array targeting GEN1 and POLQ
in4mer additional oligo V106,gacggcggaagcgacatagggatctgtcagttgtcattcgcgaaaaacatccgtccccgagagctacgtctcgagatGTGTATCATCTCCACAGAGAtaatttctactattgtagatGGTTACACCTATGTTTGAGGaaatttctactctagtagatTGATCCGTCCAAAGGTTGGCtaatttctactgtcgtagatGTAAGGATACCCGAACCAGGttttttgaatggagacgttacggttaagaatgtaaattctgggattatagtgtagtaatctctaattaacggtgacggtttta,Oligo to clone 4 guide array targeting CIP2A and POLQ
in4mer additional oligo V107,gacggcggaagcgacatagggatctgtcagttgtcattcgcgaaaaacatccgtccccgagagctacgtctcgagatACGAGGCACATACCTTTGCCtaatttctactattgtagatGGTTACACCTATGTTTGAGGaaatttctactctagtagatTGGCTCAAGTACCCAGGTCTtaatttctactgtcgtagatGTAAGGATACCCGAACCAGGttttttgaatggagacgttacggttaagaatgtaaattctgggattatagtgtagtaatctctaattaacggtgacggtttta,Oligo to clone 4 guide array targeting FANCL and POLQ
in4mer additional oligo V108,gacggcggaagcgacatagggatctgtcagttgtcattcgcgaaaaacatccgtccccgagagctacgtctcgagatAAGCGCACTATCCCATTTGGtaatttctactattgtagatCACGGGGTAGACCTCGCGCAaaatttctactctagtagatATGTTGCACTCATACCAATAtaatttctactgtcgtagatGATAAAGAGCACCGCCCAGTttttttgaatggagacgttacggttaagaatgtaaattctgggattatagtgtagtaatctctaattaacggtgacggtttta,Oligo to clone 4 guide array targeting HELQ and MAD2L2
in4mer additional oligo V109,gacggcggaagcgacatagggatctgtcagttgtcattcgcgaaaaacatccgtccccgagagctacgtctcgagatAAGCGCACTATCCCATTTGGtaatttctactattgtagatCTCAGGTCTGACGGTAACTGaaatttctactctagtagatATGTTGCACTCATACCAATAtaatttctactgtcgtagatTGGGAATACTATAAGAGCGAttttttgaatggagacgttacggttaagaatgtaaattctgggattatagtgtagtaatctctaattaacggtgacggtttta,Oligo to clone 4 guide array targeting HELQ and MCM9
in4mer additional oligo V110,gacggcggaagcgacatagggatctgtcagttgtcattcgcgaaaaacatccgtccccgagagctacgtctcgagatTGGCAAACTTGTACACGAGCtaatttctactattgtagatCAATCACACCAATAAGATACaaatttctactctagtagatTCCCCCCCTACCCTGCTAGTtaatttctactgtcgtagatAGGCAATTGAATCGGGTATCttttttgaatggagacgttacggttaagaatgtaaattctgggattatagtgtagtaatctctaattaacggtgacggtttta,Oligo to clone 4 guide array targeting BRCA1 and OR52A5 (new set of BRCA1 guides; set 2)
in4mer additional oligo V111,gacggcggaagcgacatagggatctgtcagttgtcattcgcgaaaaacatccgtccccgagagctacgtctcgagatGTTATATCATTCTTACATAAtaatttctactattgtagatCAATCACACCAATAAGATACaaatttctactctagtagatCATGCTGAAACTTCTCAACCtaatttctactgtcgtagatAGGCAATTGAATCGGGTATCttttttgaatggagacgttacggttaagaatgtaaattctgggattatagtgtagtaatctctaattaacggtgacggtttta,Oligo to clone 4 guide array targeting BRCA1 and OR52A5 (new set of BRCA1 guides; set 3)
in4mer additional oligo V112,gacggcggaagcgacatagggatctgtcagttgtcattcgcgaaaaacatccgtccccgagagctacgtctcgagatTGGCAAACTTGTACACGAGCtaatttctactattgtagatCTGTAAACAGTCTGGGCCCCaaatttctactctagtagatTCCCCCCCTACCCTGCTAGTtaatttctactgtcgtagatTCAGGTACCAAAGACCTGATttttttgaatggagacgttacggttaagaatgtaaattctgggattatagtgtagtaatctctaattaacggtgacggtttta,Oligo to clone 4 guide array targeting BRCA1 and GEN1 (new set of BRCA1 guides; set 2)
in4mer additional oligo V113,gacggcggaagcgacatagggatctgtcagttgtcattcgcgaaaaacatccgtccccgagagctacgtctcgagatTGGCAAACTTGTACACGAGCtaatttctactattgtagatGTGTATCATCTCCACAGAGAaaatttctactctagtagatTCCCCCCCTACCCTGCTAGTtaatttctactgtcgtagatTGATCCGTCCAAAGGTTGGCttttttgaatggagacgttacggttaagaatgtaaattctgggattatagtgtagtaatctctaattaacggtgacggtttta,Oligo to clone 4 guide array targeting BRCA1 and CIP2A (new set of BRCA1 guides; set 2)
in4mer additional oligo V114,gacggcggaagcgacatagggatctgtcagttgtcattcgcgaaaaacatccgtccccgagagctacgtctcgagatTGGCAAACTTGTACACGAGCtaatttctactattgtagatGGTTACACCTATGTTTGAGGaaatttctactctagtagatTCCCCCCCTACCCTGCTAGTtaatttctactgtcgtagatGTAAGGATACCCGAACCAGGttttttgaatggagacgttacggttaagaatgtaaattctgggattatagtgtagtaatctctaattaacggtgacggtttta,Oligo to clone 4 guide array targeting BRCA1 and POLQ (new set of BRCA1 guides; set 2)
in4mer additional oligo V115,gacggcggaagcgacatagggatctgtcagttgtcattcgcgaaaaacatccgtccccgagagctacgtctcgagatGTTATATCATTCTTACATAAtaatttctactattgtagatCTGTAAACAGTCTGGGCCCCaaatttctactctagtagatCATGCTGAAACTTCTCAACCtaatttctactgtcgtagatTCAGGTACCAAAGACCTGATttttttgaatggagacgttacggttaagaatgtaaattctgggattatagtgtagtaatctctaattaacggtgacggtttta,Oligo to clone 4 guide array targeting BRCA1 and GEN1 (new set of BRCA1 guides; set 3)
in4mer additional oligo V116,gacggcggaagcgacatagggatctgtcagttgtcattcgcgaaaaacatccgtccccgagagctacgtctcgagatGTTATATCATTCTTACATAAtaatttctactattgtagatGTGTATCATCTCCACAGAGAaaatttctactctagtagatCATGCTGAAACTTCTCAACCtaatttctactgtcgtagatTGATCCGTCCAAAGGTTGGCttttttgaatggagacgttacggttaagaatgtaaattctgggattatagtgtagtaatctctaattaacggtgacggtttta,Oligo to clone 4 guide array targeting BRCA1 and CIP2A (new set of BRCA1 guides; set 3)
in4mer additional oligo V117,gacggcggaagcgacatagggatctgtcagttgtcattcgcgaaaaacatccgtccccgagagctacgtctcgagatGTTATATCATTCTTACATAAtaatttctactattgtagatGGTTACACCTATGTTTGAGGaaatttctactctagtagatCATGCTGAAACTTCTCAACCtaatttctactgtcgtagatGTAAGGATACCCGAACCAGGttttttgaatggagacgttacggttaagaatgtaaattctgggattatagtgtagtaatctctaattaacggtgacggtttta,Oligo to clone 4 guide array targeting BRCA1 and POLQ (new set of BRCA1 guides; set 3)
SAM454,ggcggcgtctcaagatCGTGACCATTCCCAAGTTGTTACtaatttctactgtcgtagat,Cas12a OR1E1 gRNA oligo that anneals with SAM459 or SAM724 to make two guide array by overlap extension
SAM459,gggacgtctcgattcaaaaaaCATGTATCTTATTGGTGTGATTGatctacgacagtagaa,Cas12a OR52A5 gRNA oligo that anneals with SAM454 or SAM659 to make two guide array by overlap extension
SAM463,ttgtcGGCGGCGTCTCAAGAT,"Forward primer to amplify SAM454, SAM459, SAM659, SAM724 OE products"
SAM464,cttgtgGGGACGTCTCGATTCA,"Reverse primer to amplify SAM454, SAM459, SAM659, SAM724 OE products"
SAM659,ggcggcgtctcaagatATCTAGAGAATGCAGCACTCTCCtaatttctactgtcgtagat,Cas12a FANCL gRNA oligo that anneals with SAM459 or SAM724 to make two guide array by overlap extension
SAM724,gggacgtctcgattcaaaaaaGCATTCGAGCATATGGAGGCACTatctacgacagtagaa,Cas12a GEN1 gRNA oligo that anneals with SAM454 or SAM659 to make two guide array by overlap extension
SAM875,CGTGACCATTCCCAAGTTGTtaatttctactattgtagatCAATCACACCAATAAGATACaaatttctactctagtagatCCC,Oligo to generate pSAM483 by overlap extension; anneals with SAM876
SAM876,TCGATTCaaaaaaGATACCCGATTCAATTGCCTatctacgacagtagaaattaATGGCGGTGTAGTGCAGGGGatctactagagtagaaa,Oligo to generate pSAM483 by overlap extension; anneals with SAM875
SAM877,TTGTCGGCGGCGTCtcgagatCGTGACCATTCCCAAGTTGT,Forward primer to amplify SAM875 + SAM876 OE product
SAM878,CTTGTGGGGACGTCTCGATTCaaaaaaGATACCCGATTC,Reverse primer to amplify SAM875 + SAM876 OE product
SAM470,GGGGACAACTTTGTACAAAAAAGTTGGCACCATGGTGAGCAAGGGCG,Amplify mCherry or EGFP out of Addgene #185473 or Addgene #185474 for LR cloning into pDONR223
SAM471,GGGGACAACTTTGTACAAGAAAGTTGGCAAtcaCACTTTCCGCTTTTTCTTGG,Amplify mCherry or EGFP out of Addgene #185473 or Addgene #185474 for LR cloning into pDONR223
SAM775,AATGATACGGCGACCACCGA,in4mer library pool amplification primer forward
SAM776,CAAGCAGAAGACGGCATACGAG,in4mer library pool amplification primer reverse
SAM557,ACACTCTTTCCCTACACGACGCTCTTCCGATCTNtctagttacgccaagcttgc,in4mer guide NGS primer R1; 1st round of library NGS PCR
SAM558,ACACTCTTTCCCTACACGACGCTCTTCCGATCTNNtctagttacgccaagcttgc,in4mer guide NGS primer R2; 1st round of library NGS PCR
SAM559,ACACTCTTTCCCTACACGACGCTCTTCCGATCTNNNtctagttacgccaagcttgc,in4mer guide NGS primer R3; 1st round of library NGS PCR
SAM560,ACACTCTTTCCCTACACGACGCTCTTCCGATCTNNNNtctagttacgccaagcttgc,in4mer guide NGS primer R4; 1st round of library NGS PCR
SAM561,ACACTCTTTCCCTACACGACGCTCTTCCGATCTNNNNNtctagttacgccaagcttgc,in4mer guide NGS primer R5; 1st round of library NGS PCR
SAM795,AGACGTGTGCTCTTCCGATCTNNgtggaaaggacgaaacaccg,in4mer guide NGS primer F2; 1st round of library NGS PCR
SAM800,AGACGTGTGCTCTTCCGATCTNgtggaaaggacgaaacaccg,in4mer guide NGS primer F1; 1st round of library NGS PCR
SAM801,AGACGTGTGCTCTTCCGATCTNNNgtggaaaggacgaaacaccg,in4mer guide NGS primer F3; 1st round of library NGS PCR
SAM802,AGACGTGTGCTCTTCCGATCTNNNNgtggaaaggacgaaacaccg,in4mer guide NGS primer F4; 1st round of library NGS PCR
SAM803,AGACGTGTGCTCTTCCGATCTNNNNNgtggaaaggacgaaacaccg,in4mer guide NGS primer F5; 1st round of library NGS PCR
,CAAGCAGAAGACGGCATACGAGAT-[i7 index]-gtgactggagttcagacgtgtgctcttccgatct,General format for i7 in4mer NGS primer; 2nd round of library NGS PCR
,AATGATACGGCGACCACCGAGATCTACAC-[i5 index]-acactctttccctacacgacg,General format for i5 in4mer NGS primer; 2nd round of library NGS PCR
,CTGGAGCTCAAGGGTCAGG,FANCA forward qPCR
,CTTTTTCGGGCACCGAGGTA,FANCA reverse qPCR
,GCAGCATATCCTGAGATCGTTGC,GEN1 forrward qPCR
,GTGTGACTGAAAGCTCATTACTTC,GEN1 reverse qPCR
,GCTCAGACACCATGGGGAAG,GAPDH forward qPCR
,CGCCCAATACGACCAAATCC,GAPDH reverse qPCR
SAM478,ctgacagaggaggagccaac,OR1E1 forward ICE primer
SAM479,ttcttgcataggacccaagg,OR1E1 reverse ICE primer