Oligo Name,Sequence,Details,Direction
SAM844,GGGTCACGCGTAGGA,Oligos to amplify full TWIST oligo pool for mid-throughput in4mer validation,Forward
SAM845,GTTCCGCAGCCACAC,Oligos to amplify full TWIST oligo pool for mid-throughput in4mer validation,Reverse
PoolAmpV1F,CGCGTCGAGTAGGGT,Amplifies in4mer midthroughput oligo V1,Forward
PoolAmpV1R,GCCGTGTGAAGCTGG,Amplifies in4mer midthroughput oligo V1,Reverse
PoolAmpV2F,CGATCGCCCTTGGTG,Amplifies in4mer midthroughput oligo V2,Forward
PoolAmpV2R,GGTTTAGCCGGCGTG,Amplifies in4mer midthroughput oligo V2,Reverse
PoolAmpV3F,GGTCGAGCCGGAACT,Amplifies in4mer midthroughput oligo V3,Forward
PoolAmpV3R,GGATGCGCACCCAGA,Amplifies in4mer midthroughput oligo V3,Reverse
PoolAmpV4F,TCCCGGCGTTGTCCT,Amplifies in4mer midthroughput oligo V4,Forward
PoolAmpV4R,GCTCCGTCACTGCCC,Amplifies in4mer midthroughput oligo V4,Reverse
PoolAmpV5F,CGCAGGGTCCAGAGT,Amplifies in4mer midthroughput oligo V5,Forward
PoolAmpV5R,GTTCGCGCGAAGGAA,Amplifies in4mer midthroughput oligo V5,Reverse
PoolAmpV6F,AGTGACCCGTCCCTG,Amplifies in4mer midthroughput oligo V6,Forward
PoolAmpV6R,AGTCGACCTCTGCCC,Amplifies in4mer midthroughput oligo V6,Reverse
PoolAmpV7F,TGCCCGCTGTCTTCA,Amplifies in4mer midthroughput oligo V7,Forward
PoolAmpV7R,CACTGCCGGGCTACA,Amplifies in4mer midthroughput oligo V7,Reverse
PoolAmpV8F,CGATCGTGCCCACCT,Amplifies in4mer midthroughput oligo V8,Forward
PoolAmpV8R,GTGCGGGCTCCAACT,Amplifies in4mer midthroughput oligo V8,Reverse
PoolAmpV9F,ACTGGTGCGTCGTCT,Amplifies in4mer midthroughput oligo V9,Forward
PoolAmpV9R,CGGGAAGTGTTCGCC,Amplifies in4mer midthroughput oligo V9,Reverse
PoolAmpV10F,AGCGAAACCGTGCGT,Amplifies in4mer midthroughput oligo V10,Forward
PoolAmpV10R,ACTCTCCCGCGTCCC,Amplifies in4mer midthroughput oligo V10,Reverse
PoolAmpV11F,ACCGGTTTCCACGCA,Amplifies in4mer midthroughput oligo V11,Forward
PoolAmpV11R,CCTCCAAGCGCGAAC,Amplifies in4mer midthroughput oligo V11,Reverse
PoolAmpV12F,GGGTTCGAGCGGGAG,Amplifies in4mer midthroughput oligo V12,Forward
PoolAmpV12R,TAGCGCGCAGAGAGG,Amplifies in4mer midthroughput oligo V12,Reverse
PoolAmpV13F,TGGGCGCCAAGAACC,Amplifies in4mer midthroughput oligo V13,Forward
PoolAmpV13R,CCCACTGCGCCCAAG,Amplifies in4mer midthroughput oligo V13,Reverse
PoolAmpV14F,ACTCGACGGCCTCTG,Amplifies in4mer midthroughput oligo V14,Forward
PoolAmpV14R,ACACGCGCGTTGAAG,Amplifies in4mer midthroughput oligo V14,Reverse
PoolAmpV15F,CCCGGATCCCTTGCT,Amplifies in4mer midthroughput oligo V15,Forward
PoolAmpV15R,CGCGTCATTGGCCTC,Amplifies in4mer midthroughput oligo V15,Reverse
PoolAmpV16F,GCTTCCGCCCGTAGA,Amplifies in4mer midthroughput oligo V16,Forward
PoolAmpV16R,CATTCGCGCTGGTGG,Amplifies in4mer midthroughput oligo V16,Reverse
PoolAmpV17F,CGAGCCGTGGTTCCT,Amplifies in4mer midthroughput oligo V17,Forward
PoolAmpV17R,CGCTGGGAGGGTGTT,Amplifies in4mer midthroughput oligo V17,Reverse
PoolAmpV18F,ACGCCGAATCCCACA,Amplifies in4mer midthroughput oligo V18,Forward
PoolAmpV18R,TGCTGGAACGTCGGG,Amplifies in4mer midthroughput oligo V18,Reverse
PoolAmpV19F,ATCACTCGCGTCCCA,Amplifies in4mer midthroughput oligo V19,Forward
PoolAmpV19R,ACACGCTCGACTCCC,Amplifies in4mer midthroughput oligo V19,Reverse
PoolAmpV20F,ACCATCGCGCACCTT,Amplifies in4mer midthroughput oligo V20,Forward
PoolAmpV20R,CTCCCTTGCCTGCCC,Amplifies in4mer midthroughput oligo V20,Reverse
PoolAmpV21F,CGTCACGCAGGGTTC,Amplifies in4mer midthroughput oligo V21,Forward
PoolAmpV21R,ATCCCGCCGTCAGAG,Amplifies in4mer midthroughput oligo V21,Reverse
PoolAmpV22F,AGCTGCTACACCGCC,Amplifies in4mer midthroughput oligo V22,Forward
PoolAmpV22R,GCGCGATGGTCACAG,Amplifies in4mer midthroughput oligo V22,Reverse
PoolAmpV23F,ATGGACGCGTGGAGT,Amplifies in4mer midthroughput oligo V23,Forward
PoolAmpV23R,TAGGGCTCCGCTTGG,Amplifies in4mer midthroughput oligo V23,Reverse
PoolAmpV24F,AGTTGACCAGCGCCA,Amplifies in4mer midthroughput oligo V24,Forward
PoolAmpV24R,AGTCGCGCCTACCAC,Amplifies in4mer midthroughput oligo V24,Reverse
PoolAmpV25F,GCGGCACCACAAACT,Amplifies in4mer midthroughput oligo V25,Forward
PoolAmpV25R,CGTGGCCTCTGTCCT,Amplifies in4mer midthroughput oligo V25,Reverse
PoolAmpV26F,ACCTTCACGCGTCCC,Amplifies in4mer midthroughput oligo V26,Forward
PoolAmpV26R,GCCCACCGACTCCAC,Amplifies in4mer midthroughput oligo V26,Reverse
PoolAmpV27F,GACTGCGGCGTTGGT,Amplifies in4mer midthroughput oligo V27,Forward
PoolAmpV27R,TACGCCCGGGACAGA,Amplifies in4mer midthroughput oligo V27,Reverse
PoolAmpV28F,GCCGCCGCTTATTGG,Amplifies in4mer midthroughput oligo V28,Forward
PoolAmpV28R,TGCGCCACCTCAGTC,Amplifies in4mer midthroughput oligo V28,Reverse
PoolAmpV29F,TCCACCGTCGGCAAG,Amplifies in4mer midthroughput oligo V29,Forward
PoolAmpV29R,GGCCGCACCCAGTAG,Amplifies in4mer midthroughput oligo V29,Reverse
PoolAmpV30F,GGCCGGACACATGCT,Amplifies in4mer midthroughput oligo V30,Forward
PoolAmpV30R,CGGTGTGGCTGACGG,Amplifies in4mer midthroughput oligo V30,Reverse
PoolAmpV31F,ACGGGCTGGTGTGGT,Amplifies in4mer midthroughput oligo V31,Forward
PoolAmpV31R,CTGGGTGGCGCAGTC,Amplifies in4mer midthroughput oligo V31,Reverse
PoolAmpV32F,AAGTGCCCTTCCCGT,Amplifies in4mer midthroughput oligo V32,Forward
PoolAmpV32R,GAGTCCGCGCAAGAG,Amplifies in4mer midthroughput oligo V32,Reverse
PoolAmpV33F,CGCGCCGTTCCTTTG,Amplifies in4mer midthroughput oligo V33,Forward
PoolAmpV33R,TCGTCGCGCAGGTTC,Amplifies in4mer midthroughput oligo V33,Reverse
PoolAmpV34F,TGCGGGCCCATTTCC,Amplifies in4mer midthroughput oligo V34,Forward
PoolAmpV34R,GCCCACCGTCGCTTC,Amplifies in4mer midthroughput oligo V34,Reverse
PoolAmpV35F,CGAAGTGCGCAGGGT,Amplifies in4mer midthroughput oligo V35,Forward
PoolAmpV35R,TTGCGCCCGTGTCAG,Amplifies in4mer midthroughput oligo V35,Reverse
PoolAmpV36F,TTCAGCGCCGTCCAG,Amplifies in4mer midthroughput oligo V36,Forward
PoolAmpV36R,AATGACCGCGCCACC,Amplifies in4mer midthroughput oligo V36,Reverse
PoolAmpV37F,AGGTCCGGTGCAGGT,Amplifies in4mer midthroughput oligo V37,Forward
PoolAmpV37R,GCTGGTCGCGCTGAA,Amplifies in4mer midthroughput oligo V37,Reverse
PoolAmpV38F,AGCGTGGAGTGAGCC,Amplifies in4mer midthroughput oligo V38,Forward
PoolAmpV38R,TCTGGTTGCTGCCGA,Amplifies in4mer midthroughput oligo V38,Reverse
PoolAmpV39F,AGGCGGTCGAGAGTG,Amplifies in4mer midthroughput oligo V39,Forward
PoolAmpV39R,CCGTCCTCCACCCAG,Amplifies in4mer midthroughput oligo V39,Reverse
PoolAmpV40F,CGTTGTCACCCGCCT,Amplifies in4mer midthroughput oligo V40,Forward
PoolAmpV40R,GCCAATGCTGCCCGA,Amplifies in4mer midthroughput oligo V40,Reverse
PoolAmpV41F,TGCGCAGGACCAAGA,Amplifies in4mer midthroughput oligo V41,Forward
PoolAmpV41R,TGAACTGGGCGGAGG,Amplifies in4mer midthroughput oligo V41,Reverse
PoolAmpV42F,CATCTTGCGGCGGGT,Amplifies in4mer midthroughput oligo V42,Forward
PoolAmpV42R,TCGCCGCCTGTCATC,Amplifies in4mer midthroughput oligo V42,Reverse
PoolAmpV43F,GCGCAGAGATTCGGG,Amplifies in4mer midthroughput oligo V43,Forward
PoolAmpV43R,GCAGCGGGATGACAC,Amplifies in4mer midthroughput oligo V43,Reverse
PoolAmpV44F,TCTGCAGCCACGTCA,Amplifies in4mer midthroughput oligo V44,Forward
PoolAmpV44R,ACCGCCGCTGTAGTC,Amplifies in4mer midthroughput oligo V44,Reverse
PoolAmpV45F,CCGCATGCAGTCCCT,Amplifies in4mer midthroughput oligo V45,Forward
PoolAmpV45R,CGACTCTTGCGCCCT,Amplifies in4mer midthroughput oligo V45,Reverse
PoolAmpV46F,GTGGCCTGCTGTGTG,Amplifies in4mer midthroughput oligo V46,Forward
PoolAmpV46R,TGCAGTGCCGGGTAG,Amplifies in4mer midthroughput oligo V46,Reverse
PoolAmpV47F,GCACATGGGAAGCGG,Amplifies in4mer midthroughput oligo V47,Forward
PoolAmpV47R,CCTGTACAGCGGCGA,Amplifies in4mer midthroughput oligo V47,Reverse
PoolAmpV48F,GGCCCAGCGAAGATG,Amplifies in4mer midthroughput oligo V48,Forward
PoolAmpV48R,GATCAGCACCGCGAC,Amplifies in4mer midthroughput oligo V48,Reverse
PoolAmpV49F,CTGTGATCCCGCCGT,Amplifies in4mer midthroughput oligo V49,Forward
PoolAmpV49R,CCCGTCTGCCCATCC,Amplifies in4mer midthroughput oligo V49,Reverse
PoolAmpV50F,GGCGCGCTCTAACAC,Amplifies in4mer midthroughput oligo V50,Forward
PoolAmpV50R,CTCCCTCTCGCAGCA,Amplifies in4mer midthroughput oligo V50,Reverse
PoolAmpV51F,ACCTCCTGCGGCATT,Amplifies in4mer midthroughput oligo V51,Forward
PoolAmpV51R,TCCCGGCCTTTCACC,Amplifies in4mer midthroughput oligo V51,Reverse
PoolAmpV52F,TTGGGCGCGTTCAAG,Amplifies in4mer midthroughput oligo V52,Forward
PoolAmpV52R,GCGAACAAGCCACCA,Amplifies in4mer midthroughput oligo V52,Reverse
PoolAmpV53F,TGAACACCGCCGACT,Amplifies in4mer midthroughput oligo V53,Forward
PoolAmpV53R,ATGCGCGCTGTTTGA,Amplifies in4mer midthroughput oligo V53,Reverse
PoolAmpV54F,GGGCCCAGACCTTGT,Amplifies in4mer midthroughput oligo V54,Forward
PoolAmpV54R,CCTCGAGGTAGCGGG,Amplifies in4mer midthroughput oligo V54,Reverse
PoolAmpV55F,AACGCCCAGCCTGTC,Amplifies in4mer midthroughput oligo V55,Forward
PoolAmpV55R,CCGCGTTGCTGAGTG,Amplifies in4mer midthroughput oligo V55,Reverse
PoolAmpV56F,GGCGGCCCTGTCTTT,Amplifies in4mer midthroughput oligo V56,Forward
PoolAmpV56R,AGCCGGCCTCACTTC,Amplifies in4mer midthroughput oligo V56,Reverse
PoolAmpV57F,TCGCCCGACCTCTCA,Amplifies in4mer midthroughput oligo V57,Forward
PoolAmpV57R,TGCCTGCTCGCTTGG,Amplifies in4mer midthroughput oligo V57,Reverse
PoolAmpV58F,AGGCACGCTCAACCT,Amplifies in4mer midthroughput oligo V58,Forward
PoolAmpV58R,CCTAGGTCGCACGCA,Amplifies in4mer midthroughput oligo V58,Reverse
PoolAmpV59F,GCGGCGGAAGGTGAG,Amplifies in4mer midthroughput oligo V59,Forward
PoolAmpV59R,TCGCAAGTCCGCCTG,Amplifies in4mer midthroughput oligo V59,Reverse
PoolAmpV60F,CATTGCCGTGCGTGA,Amplifies in4mer midthroughput oligo V60,Forward
PoolAmpV60R,GAGGGTTCCCGCTGA,Amplifies in4mer midthroughput oligo V60,Reverse
PoolAmpV61F,CTGCGGTGCCTCATC,Amplifies in4mer midthroughput oligo V61,Forward
PoolAmpV61R,GCCGACGTCAGCTTC,Amplifies in4mer midthroughput oligo V61,Reverse
PoolAmpV62F,CGGCGTTTGGGTCTG,Amplifies in4mer midthroughput oligo V62,Forward
PoolAmpV62R,GTTGGCAGGCATGGG,Amplifies in4mer midthroughput oligo V62,Reverse
PoolAmpV63F,CCTATTGCGCCGTCC,Amplifies in4mer midthroughput oligo V63,Forward
PoolAmpV63R,GCATCTCCCGCCTCA,Amplifies in4mer midthroughput oligo V63,Reverse
PoolAmpV64F,TGACCCGGACCCAAC,Amplifies in4mer midthroughput oligo V64,Forward
PoolAmpV64R,CGCATCGCAATCCCA,Amplifies in4mer midthroughput oligo V64,Reverse
PoolAmpV65F,CCCTCGTCGCCTCCT,Amplifies in4mer midthroughput oligo V65,Forward
PoolAmpV65R,GGCAGTGCTCGGCTC,Amplifies in4mer midthroughput oligo V65,Reverse
PoolAmpV66F,CGCCGAGCCGTATGA,Amplifies in4mer midthroughput oligo V66,Forward
PoolAmpV66R,GCGCATTGGAGGCTG,Amplifies in4mer midthroughput oligo V66,Reverse
PoolAmpV67F,AGCCCACTTGCCCTC,Amplifies in4mer midthroughput oligo V67,Forward
PoolAmpV67R,CCAAGCCGGGTTCCA,Amplifies in4mer midthroughput oligo V67,Reverse
PoolAmpV68F,GGTGTTAGCGCTCGG,Amplifies in4mer midthroughput oligo V68,Forward
PoolAmpV68R,ATTGCGCGCAGGTAG,Amplifies in4mer midthroughput oligo V68,Reverse
PoolAmpV69F,GCTGGAGGCGAGGTT,Amplifies in4mer midthroughput oligo V69,Forward
PoolAmpV69R,ACGGCGGTACTCTGG,Amplifies in4mer midthroughput oligo V69,Reverse
PoolAmpV70F,GAGGGCTCCGTTCGT,Amplifies in4mer midthroughput oligo V70,Forward
PoolAmpV70R,CGGCCAGGTCAGGTC,Amplifies in4mer midthroughput oligo V70,Reverse
PoolAmpV71F,CCTCCCTCACGCACC,Amplifies in4mer midthroughput oligo V71,Forward
PoolAmpV71R,GTGCGCGTCGTTCTG,Amplifies in4mer midthroughput oligo V71,Reverse
PoolAmpV72F,AAGAGGGACGCAGCA,Amplifies in4mer midthroughput oligo V72,Forward
PoolAmpV72R,TCCCGACTAACCGCC,Amplifies in4mer midthroughput oligo V72,Reverse
PoolAmpV73F,CGTCCGCACAAACCC,Amplifies in4mer midthroughput oligo V73,Forward
PoolAmpV73R,CCGCATCGTTGACCC,Amplifies in4mer midthroughput oligo V73,Reverse
PoolAmpV74F,CATCCACGAGCGCCA,Amplifies in4mer midthroughput oligo V74,Forward
PoolAmpV74R,GGCGGCTGTTCTCCC,Amplifies in4mer midthroughput oligo V74,Reverse
PoolAmpV75F,GCCTAACGCCCGTCC,Amplifies in4mer midthroughput oligo V75,Forward
PoolAmpV75R,ATGCCCGCGACATCC,Amplifies in4mer midthroughput oligo V75,Reverse
PoolAmpV76F,GCCGTCCTGCAGAGT,Amplifies in4mer midthroughput oligo V76,Forward
PoolAmpV76R,TCCTGAGGCGCGAAG,Amplifies in4mer midthroughput oligo V76,Reverse
PoolAmpV77F,GAGTCTGAGCGGCGT,Amplifies in4mer midthroughput oligo V77,Forward
PoolAmpV77R,GCCTAGCTCGCCTGA,Amplifies in4mer midthroughput oligo V77,Reverse
PoolAmpV78F,ACTGCGGTGCCTTCT,Amplifies in4mer midthroughput oligo V78,Forward
PoolAmpV78R,GCACTTGCGGGACTG,Amplifies in4mer midthroughput oligo V78,Reverse
PoolAmpV79F,GACCTGTCTCCCGCA,Amplifies in4mer midthroughput oligo V79,Forward
PoolAmpV79R,CAGTGCCAGCCAACC,Amplifies in4mer midthroughput oligo V79,Reverse
PoolAmpV80F,GCCGGTCCCAACTCT,Amplifies in4mer midthroughput oligo V80,Forward
PoolAmpV80R,CAGCCATGTCTCGCC,Amplifies in4mer midthroughput oligo V80,Reverse
PoolAmpV81F,CGGCGCTCAGTACCA,Amplifies in4mer midthroughput oligo V81,Forward
PoolAmpV81R,GTTCCCTCCGCCCAA,Amplifies in4mer midthroughput oligo V81,Reverse
PoolAmpV82F,CACGGCGCTGGACTT,Amplifies in4mer midthroughput oligo V82,Forward
PoolAmpV82R,TGGCTCGTGTCGCTG,Amplifies in4mer midthroughput oligo V82,Reverse
PoolAmpV83F,AGTCCAGCGGCTCAC,Amplifies in4mer midthroughput oligo V83,Forward
PoolAmpV83R,CCGCCTTCTAGCCCA,Amplifies in4mer midthroughput oligo V83,Reverse
PoolAmpV84F,GAAACCCGCCCACCT,Amplifies in4mer midthroughput oligo V84,Forward
PoolAmpV84R,CATGCGGTGCTGTCC,Amplifies in4mer midthroughput oligo V84,Reverse
PoolAmpV85F,TTGTCTCTGGCCGCT,Amplifies in4mer midthroughput oligo V85,Forward
PoolAmpV85R,AGCGTGGGTCTTGGG,Amplifies in4mer midthroughput oligo V85,Reverse
PoolAmpV86F,GTCGGACCGGAGTGT,Amplifies in4mer midthroughput oligo V86,Forward
PoolAmpV86R,CCCTAATGCGCCGTG,Amplifies in4mer midthroughput oligo V86,Reverse
PoolAmpV87F,TGGCCGCAGTCTCAC,Amplifies in4mer midthroughput oligo V87,Forward
PoolAmpV87R,AGTTGGGCGGCGTAG,Amplifies in4mer midthroughput oligo V87,Reverse
PoolAmpV88F,TGTCCCAGGTCGCAG,Amplifies in4mer midthroughput oligo V88,Forward
PoolAmpV88R,CGATGTTGGCGGCTC,Amplifies in4mer midthroughput oligo V88,Reverse
PoolAmpV89F,AGTCTTGCGGCGTTG,Amplifies in4mer midthroughput oligo V89,Forward
PoolAmpV89R,CTCTTGGTGGCGCTG,Amplifies in4mer midthroughput oligo V89,Reverse
PoolAmpV90F,CTCGACGGCCACAAC,Amplifies in4mer midthroughput oligo V90,Forward
PoolAmpV90R,CACGGTGCCACAGAC,Amplifies in4mer midthroughput oligo V90,Reverse
PoolAmpV91F,CGGGCGCCTCTTGTT,Amplifies in4mer midthroughput oligo V91,Forward
PoolAmpV91R,AGCGCGATTCAGCCA,Amplifies in4mer midthroughput oligo V91,Reverse
PoolAmpV92F,AGGCGCTCATGTGGA,Amplifies in4mer midthroughput oligo V92,Forward
PoolAmpV92R,ACTCAGCAGCGGGAC,Amplifies in4mer midthroughput oligo V92,Reverse
PoolAmpV93F,CTGGGAGCGGCGAAA,Amplifies in4mer midthroughput oligo V93,Forward
PoolAmpV93R,GGTACGGGCGGAGTG,Amplifies in4mer midthroughput oligo V93,Reverse
PoolAmpV94F,CGCCGTCGGTGTCTG,Amplifies in4mer midthroughput oligo V94,Forward
PoolAmpV94R,TGCTCCGGTGCGTTC,Amplifies in4mer midthroughput oligo V94,Reverse
PoolAmpV95F,CCCGCCCTCTACCGA,Amplifies in4mer midthroughput oligo V95,Forward
PoolAmpV95R,ACGCCGTGGTCCTCA,Amplifies in4mer midthroughput oligo V95,Reverse
PoolAmpV96F,GGGCGCGCAACTTCT,Amplifies in4mer midthroughput oligo V96,Forward
PoolAmpV96R,ACACACAGCGCCACC,Amplifies in4mer midthroughput oligo V96,Reverse